QmRZJTi8anLFfxJYTK3hQWBjfMr13kCAXeGJBAZHJUJ8d8,01100_sapporo-shi_2020.tar.gz
QmZh5sGyoPYzioTa6NZfM2nk4JPNcRMeYMTmcVx9fvo2np,01205_muroran-shi_2022.tar.gz
QmUNpRUHyDX4G31nKVCGKXz9JecTrW7eF3TPU9pyUbwsB4,01639_sarabetsu-mura_2022.tar.gz
QmWBQNbYRSsvvVqqy8JsW2hSJtZqhktVKnRJPxqiMuFk6T,02208_mutsu-shi_2022.tar.gz
QmcjGZGYsQpgTR2biCvA1gUbgQBC177MwtLBCRTcSvU1ry,03201_morioka-shi_2022.tar.gz
QmeoxaW43sizs36QhBQZpTyUxDbiaoeoL4E8tMiXHm2ZrE,04100_sendai-shi_2022.tar.gz
QmZZRwCNe8fPeNWV2UJUJztWkQx6KFNaZ7jYVXfTBEibUV,07203_koriyama-shi_2020.tar.gz
QmWNLUsFg1PwpzSP9v6tKm3DGJF9kGeKkRY9gfBvfqE5yT,07204_iwaki-shi_2020.tar.gz
QmT12mbUdv2S1fLdnE1Tmpc4PzMc4KfAa67GrCxPNDM9zm,07205_shirakawa-shi_2020.tar.gz
QmUmbrZFMkGzGxw5iVfQYUPyY5jSnEVjFrc1aXCUzTko2V,07212_minamisouma-shi_2022.tar.gz
QmbctZcmQ9ryd1rBXLbvr96nNXy7AqrazRA1BKJiBBBCUR,08220_tsukuba-shi_2022.tar.gz
QmNvVwA4xPQhe5tTKA6kdBZaTyVPSBz6nGDJMtyUHHNxkD,08234_hokota-shi_2020.tar.gz
Qmez57Hw5j7g49mthsqgAzruAJJLZGeeiY9Xdce1EVaSN7,08234_hokota-shi_2022.tar.gz
QmYw3G3g6AW133QQLj4M1tU3fxWqLk9B9rfei5mQpiBZX6,09201_utsunomiya-shi_2020.tar.gz
QmUyqx15Ny5Gn2m8pD7SfJDft6a48JSFaokGckfU51hSH6,10203_kiryu-shi_2020.tar.gz
QmQPc5rLGLQdJPMGMERZxxDCzP2231Zuh5S7JJ4BAtpszr,10207_tatebayashi-shi_2020.tar.gz
QmXBb7fnmpa7gMQ45itmzbxDeSmZY8io9eCHwobmUusZRL,11100_saitama-shi_2020.tar.gz
QmYgK7bjaUtc5rjtDBj7HEGBjEkodncRQKNryjiUr8cstV,11100_saitama-shi_2022.tar.gz
QmRJhftcuRYoNVPUVyT4wpzoXNLtkWBoP3MkfTh74Pr15i,11202_kumagaya-shi_2020.tar.gz
QmTHPRb6zChP3MWG9NgJxtd5Eb7krexy9SGXNSJfLK1C6X,11224_toda-shi_2022.tar.gz
QmVHop5amJTeabMgM1CJWiUBCADNjgYMH4xvQD6Y7cv221,11230_niiza-shi_2020.tar.gz
QmUQE7mgT8271wML3T4mb3pn3CWA1dREfCZH2WT4GQryDT,11238_hasuda-shi_2022.tar.gz
QmWhxCc2WRLPjpaXw4v5xtn8A8g6uA9AaScWQNLkvY6fk6,11326_moroyama-machi_2020.tar.gz
QmdCgKVRXnzjeHjESULsWVeRu9FYXCq9z1D2mcGVozwPJf,12210_mobara-shi_2022.tar.gz
QmZsjpiu17RxFPvecFNk5cKEmgTrGaXt4Mat82BCLkLMUA,12217_kashiwa-shi_2020.tar.gz
QmbfeJTG2TupesEXhS7aZYSaPaovkRBDU5mcUwWKrNNXSS,12221_yachiyo-shi_2022.tar.gz
Qmat4Fti1ajopVJd2JdFHo2teJxGZZNXZkSB3esgrR6ofw,13100_tokyo23-ku_2020.tar.gz
QmaBAo1BjBkNphJoZns5uHEGifNtbVYAUfdHgYgTUAm2kb,13100_tokyo23-ku_2022.tar.gz
QmfA2JupcCU8msRhjpvAtxvVoaiMAgShkYgwQvFoaUcEoV,13201_hachioji-shi_2020.tar.gz
QmbtdN5J3kz5TwDaNzUFPKwPuUx2EtkSnFyHKzGq32C92u,13201_hachioji-shi_2022.tar.gz
QmZkZr11kRHHjeVQyneGBQu2K7up7DXUTeQ5tGzrcV8BCJ,13213_higashimurayama-shi_2020.tar.gz
QmXLGqrtUwyviavjCey5xS29gkQLcJdPpmmkK4J8FSsRx7,13229_nishitokyo-shi_2022.tar.gz
QmR6rHBGPf5JNZw8uJoYM6x3krueCr9DSFSj1hg1D6RrcC,14100_yokohama-shi_2020.tar.gz
QmRc4QdcvbUSL782L6V2yfRZ16VXcKAKhyLZPoBtiEkhHg,14100_yokohama-shi_2022.tar.gz
QmY66UWpHDt2ZCfvgBHhKWJ2aYaymqjjBGsAXapKfo8DtD,14130_kawasaki-shi_2020.tar.gz
QmP8UNedvYb7CMEuWnKiFnMPXMSCtE6SZ8aWMMNFEGyeVo,14130_kawasaki-shi_2022.tar.gz
QmeHRHM3S1gFMM9DRdUc9uTfivXE7YmMxJ2xJihzvhL8D4,14150_sagamihara-shi_2020.tar.gz
QmQDqCThcGVWBskT9fCUtTkjWuZpzv3gvC2BxbQbK1J9vm,14201_yokosuka-shi_2020.tar.gz
QmQGjGUQ2RFf9nLvrrozZsXqUxEo9uX6vE1uDUokCHrQaU,14382_hakone-machi_2020.tar.gz
QmUmuWHgbmsyRfWP2hgzf4rM6hXNCftXanDhHcdnMG5umF,15100_niigata-shi_2020.tar.gz
QmXZeiJQSaK4KwgC1urSSinrZXaCjshMy6PSJ6euHYiLpc,15100_niigata-shi_2022.tar.gz
QmY7xVxnzHsbPRA3Z4PKSgqz6Hu3pLaQZi6RTofExgBvbz,17201_kanazawa-shi_2020.tar.gz
QmPy6EzuR1cvwZ27YgxKGiFSW8EFr9ukbWRPPPxym8iajW,17206_kaga-shi_2021.tar.gz
QmU75ASbGT4WKm1gvobjnvNxHzkge3zFFoUXZ3cfyd7isc,17206_kaga-shi_2022.tar.gz
QmfWzSx3yAZbPK6zeBj9YCvpvYtD6WKS15aenAhMmoJ6oh,19201_kofu-shi_2022.tar.gz
QmUXLVrMYs8uuFz5fJLzLW7jxvv1gSwPc6P76py9DeYuew,20202_matsumoto-shi_2020.tar.gz
QmcKzS1HKyj15vEH9zjm7m8ZsRfDFsYw4XPn3HL8EXkAti,20204_okaya-shi_2020.tar.gz
QmQ2Foy6sY7yt1hUsNtHqXx3PeLgtGQKUqrYUzML2avxn6,20204_okaya-shi_2022.tar.gz
QmSXRzUhkPGEEjk7TZ73eyXdrGyGCRsUraAWniERqMxUth,20209_ina-shi_2020.tar.gz
QmTWAWicmvEUSFVoBifHu3JtW14cEzzhhrmzRyU1Unrq4F,20214_chino-shi_2020.tar.gz
QmZBfHTeSrpfNcEPF36LrYQmq4wS579MfDmz2hWFHjzrsT,20214_chino-shi_2022.tar.gz
QmYViUVA4ermvNHjqJWM9GmLNczgL3yPPi9PotJWnFeZXJ,20217_saku-shi_2022.tar.gz
QmZbXRX7jRWojPiVSPQWbCf17qWW86StoQBjPaBdxHuiVw,21201_gifu-shi_2020.tar.gz
QmeerWj2W3ZaHcqVMhsKV3oeqCn6zXXWYugd3qLPtAUmHN,21201_gifu-shi_2022.tar.gz
QmfJW6AV5Y95wggUocbA6HbGtoDCd3Pbt8VZHkD15bvDYj,21211_minokamo-shi_2022.tar.gz
QmVYfWNS7gV1k3Z4qK7DdWQJs5eU2As4ECoa9JAPFP7cVP,22100_shizuoka-shi_2022.tar.gz
QmWrDca6B1mZew2mPjwauz4GqPtKQygkbAnxkzj6DVrM4Z,22203_numazu-shi_2021.tar.gz
QmQph3BjCPPFnrpMKCoAfePkQo2gNwdgGaBp7XCW61HnkP,22205_atami-shi_2022.tar.gz
QmTrC1i7LVaNNjhToZJHd7XFNjGQj7gLwAZx6MqT7ivwzk,22206_mishima-shi_2022.tar.gz
QmZMr9FQZrT3wqCPyoMdvKwECuJUrFrgvxfwHa6Eot2sFT,22207_fujinomiya-shi_2022.tar.gz
QmXRAaZFD2wGN7wgazvT9AwKDAytgToJjKvPdGn7LvNatL,22208_ito-shi_2022.tar.gz
QmSKgj4gA5ZekU8MY7JrcG5KnurafnM1XuoVzVnQnXDKkz,22210_fuji-shi_2022.tar.gz
QmUJa1ka6eSrDTfa4PQCGYn7JncVuCW2m3Bca5hSy9WpUj,22211_iwata-shi_2022.tar.gz
QmZBS5fxwGqPQhtkq6xJz8S2d74wKc7JtaA8RtvRUfujuR,22212_yaizu-shi_2022.tar.gz
QmWgFJ5pFZxdxkRfnpoo34tw2ARTVCtkJYtkKrqKcHvQC7,22213_kakegawa-shi_2020.tar.gz
QmXsr7kfsAW8BeyEJj25i6e1pdAMjVofmwPuy6AXx2PiRR,22214_fujieda-shi_2022.tar.gz
QmXbgy6PbMna4uodwqYN6CTnWLkYSEnaq6FnpSnYpjN9Cd,22215_gotenba-shi_2022.tar.gz
Qmap6wbYK1sHU86hWmZiH9uo6LZnApyC4MSnDuyt3uvD2E,22216_fukuroi-shi_2022.tar.gz
QmWyFxTsntjtAAhsAaASVPJthgDtdipwUPDo52qbivV7Hc,22219_shimoda-shi_2022.tar.gz
QmRpwAN2z7uotveQfvN3Rp84Lym79X8YtzUWjv9wBpdTwb,22220_susono-shi_2022.tar.gz
QmY9DSpoKJXTxonhkkTunKLRSYRJznofkvsC8s6Y3MNE9Y,22221_kosai-shi_2022.tar.gz
QmZsbTJJoNBXSxe6LekykBQb1iFWqbpc8Z1KG2CRVtCf8f,22222_izu-shi_2022.tar.gz
QmcYEELJd3ypa73TuDktGJdpfNRiaUboXMR49E3Uc97Hbw,22223_omaezaki-shi_2022.tar.gz
QmZLNwJkrtpNRCwYNcP2LtAivHjShzBmAE6pyrFkb8MRu5,22224_kikugawa-shi_2020.tar.gz
QmcPpsYPzPZihoq5BW6yfDXMWnz3xtQA52nKJdwc5QwfHT,22225_izunokuni-shi_2022.tar.gz
QmQTPJFibLVMcDLbr9Zt4YBNBNhm6YS3WT4uvSNgjWv4TW,22226_makinohara-shi_2022.tar.gz
QmUn7UkgAuYK13KrNRxQQg9SpT2251WUmTpSQkRPQmXg16,22301_higashiizu-cho_2022.tar.gz
QmTFNx6Fi66MZhgohTypoX1Mzm1trTnFA1eptgVbZRAsSc,22302_kawazu-cho_2022.tar.gz
QmSXNwnKjndJa9hFr91SYNZPGp9inA8ZTDExjKFJytFTjn,22304_minamiizu-cho_2022.tar.gz
QmNvfmn8k5LetbjE3v4kAcxSx8mU3UGCmkFdMXLknrwYB6,22325_kannami-cho_2022.tar.gz
QmbPLtg2UGmiziS3e5BgvfGQS6JmDsZUdKjvFsTrWtXRvU,22341_shimizu-cho_2022.tar.gz
QmTaf32Mi3tRtE4A2WNpE1iSiuLA4yLigJnGNGnKhU4zmg,22342_nagaizumi-cho_2022.tar.gz
Qmavu7pBdupP3nusq1uzDP3kxbs3hU3gxcXZuBbsW74SEX,22344_oyama-cho_2022.tar.gz
QmS1Zihk7N3WXJw8abK5dwXHwq4GTRcCresdeuM33FXJNp,22424_yoshida-cho_2022.tar.gz
QmXUK28Lu9CApkk8PzzsLVCs6NYwp2P4ExwDqdF4JypSkU,22461_mori-machi_2022.tar.gz
QmVfdraH87mPxTenEaMhVc344PRxDoWZtrZEh4ihVyEe6n,23100_nagoya-shi_2020.tar.gz
Qmbe8xVHXgw7BWnMSekXeQ2xjRbEnn59v8bQTGUPUVohcn,23202_okazaki-shi_2020.tar.gz
QmRTjDSB2EQuuTxJPZWJi1VV8wKLAjkJghY1Wnks6UiVef,23206_kasugai-shi_2022.tar.gz
QmZx4PnTWsCfiwxzBNByBuVwxbNd4hkeTBdrwErSR42S66,23207_toyokawa-shi_2022.tar.gz
QmVTGZRbURdXVBvXhzakvM4VRpz5TccT9BGRNPTCj126Rk,23208_tsushima-shi_2020.tar.gz
QmasK4jGNA3n8NziFDB1S84qEVqfgCmvh4Aodmw8xtSMLk,23212_anjo-shi_2020.tar.gz
QmVNhmWxDBxhJfJNgTo4XU4dD4HXeKPzXyL55TLM81rELE,23230_nisshin-shi_2022.tar.gz
QmW6vhFFygf868NTKKx5Z8nbjCzxkTb5ywmmADEiyaBUXc,24202_yokkaichi-shi_2022.tar.gz
QmeNjyzvJtuLcwxXeLXvLr7KGGRqQ57TnyNfUp99CJC7Cp,24212_kumano-shi_2022.tar.gz
QmbeqY9RbUn7Hfvxdfnz6wQUZ7iNDRCsiXtPwYeLXVzjmY,26100_kyoto-shi_2022.tar.gz
QmebnZPeaWmZeir4JxLLPSPPrg4tXMUR6NWM1cspwgaYSK,27100_osaka-shi_2020.tar.gz
QmaTY8s8MhY97VYxmjEoSaiefuDjXYnzCN1YihS6skCXvJ,27100_osaka-shi_2022.tar.gz
Qmau8aXnKcTHVsGi6rLBsBr9xpaJFi3Y8gUCNRyMRPmSyM,27140_sakai-shi_2022.tar.gz
QmX5wKh56Sf9TjyT5Mo67ZNh67UcmufdGUELRi81MSLAqx,27203_toyonaka-shi_2020.tar.gz
QmURRqT5x56ZfRNpAJGXVdMah7ot9syqtZp41PGehaKJ61,27204_ikeda-shi_2020.tar.gz
QmZK8J4MtQoQBScsqUfqLL2SssArp3DaqNtG6ik89ubyt7,27207_takatsuki-shi_2020.tar.gz
QmRhUMgg9W74HhMK4eE4Lrnx9cKXJnyMBZufj4zH89PW9J,27216_kawachinagano-shi_2022.tar.gz
QmSpKdMiWHwVRcnd2og48EBvVCcuiSJKsnPqxMbvbZosc3,27221_kashiwara-shi_2022.tar.gz
QmYbhYVcDDWpwBonphnzkJUwq1y6VExHQRBtPgpZxLGx92,27224_settsu-shi_2020.tar.gz
QmPhp1oxFF69LqhFvSxR6Seuin1ZUZ8ujvipWuBkYt3tRb,27341_tadaoka-cho_2020.tar.gz
QmWa8Zvx3f9gKsn2B7hYhnd5mau5Ah3x4b485rzijDoqWj,28210_kakogawa-shi_2020.tar.gz
QmRLEaAhctELqfMopn5LF6gT2NmG4EuWoysAe13Wq75r8V,28225_asago-shi_2022.tar.gz
QmZkFkoqxwoDKqnoXsyy74BEPSy9v8dzAgZKGbmYbMy6gU,30201_wakayama-shi_2022.tar.gz
QmTjqWGXx5KL1hcJX6KYX1gM6e8TA6fdqLVm7EAHd8awrz,30422_taiji-cho_2021.tar.gz
QmZ4zix8vdT1qiejqWWgMW6U4ZkFGVbdxiwLFjXJVB1184,31201_tottori-shi_2020.tar.gz
QmcrXTgQTSwFXD82Wup7qa9QEgsqkpEooytWKtcTVXUn5w,34100_hirosima-shi_2022.tar.gz
QmPrHWrpVxoAV6FampFjfTeP7UCAShjqKRjGuvj5zkJd2u,34202_kure-shi_2020.tar.gz
QmQXPtYdcwN6STbV7VyPGXw45fgw3ge77PB7AeWqs8sUgy,34207_fukuyama-shi_2020.tar.gz
QmdZcxYbHGRQraHkhLgpTTX71CY8f84r9VY2dEoKMEMStD,34208_fuchu-shi_2022.tar.gz
QmVm1279dii4SjC3W6k4SHPLse63wNKV8fpu1ZP9po9Cti,34304_kaita-cho_2021.tar.gz
QmTQQbZDVXLP1g3FHGzhnM1mBjW5P5vwSvFibterzV9NKu,37201_takamatsu-shi_2022.tar.gz
Qmabu9ywEMEQa2T372EkckzujHZvdVirdieXFM37fhUsfP,38201_matsuyama-shi_2020.tar.gz
QmSdU532sCfdB1GaVBN6JE34T4Ai21q6xdJTvb9ry2jEeo,40100_kitakyushu-shi_2020.tar.gz
QmZvhubZ3k2Uhocwz6XtecLdvtKrAXprQNSG5bYBDSx6Jo,40130_fukuoka-shi_2022.tar.gz
QmSy4eipNfxjhPpYQQCQG8cfWfaP7efunuvizU7xWsM8wL,40203_kurume-shi_2020.tar.gz
Qmak3kV7STboUc3EG5xjF95efbwh5wvrADYq5pxcMmzpRi,40205_iizuka-shi_2020.tar.gz
QmXzcuBM6B9MhkvqpPxPN9S9kLmvMEkVXnxHArdGa57H3F,40220_munakata-shi_2020.tar.gz
QmczT8Ye2YvcxD2wS1JSLFTVT5ZKvS7nuAwPXXWXY6a8wy,40225_ukiha-shi_2022.tar.gz
QmT5MMeuxV9aeXo4ecd3weuT8dDdDgBK15FnG4nGPxN6qo,41206_takeo-shi_2022.tar.gz
QmVseMKt6amfsRCZS7XRiznyZ6auFHnwEoQ4p7GvgQsCPZ,41208_ogi-shi_2022.tar.gz
QmTx76MA8iG2h4YUGjDGKFM8c77zW35RSnKSiR8G95wmHE,41423_omachi-cho_2022.tar.gz
QmQLQxgsiZkHR5ZWPFxpjKBNwx6uqWNSMxbKmW1bEsLTBW,41424_kouhoku-machi_2022.tar.gz
QmSLYUnr7484Lbjkb4okiDYLYRtK47rfQRvz77UUfRdQn1,41425_shiroisi-chou_2022.tar.gz
QmcJnrkp2gFGoy8J3yaCsEqc86Ph76xJ9L8sboxzxzsxbT,43100_kumamoto-shi_2020.tar.gz
QmRWVCnFMt6jGY2aqrz7Pq59Yw1o2WeTFXZmfYiPUD9LUY,43100_kumamoto-shi_2022.tar.gz
QmNQwWDFA968tZMtdEEiG8dC1JP2GpWqxB4xmfWrehY2bH,43204_arao-shi_2020.tar.gz
QmfDcpnToi1FqDwCf7BPd7xsjdfU5vBSgDustv16egYBu8,43206_tamana-shi_2020.tar.gz
QmeWbs4wvwvGBoFrZC9wj7HxLE4UHua8pLgGaP3G3fow6i,43443_mashiki-machi_2020.tar.gz
QmR2pxibNt2gJa1AUsmCWrmcnSAVgnHNmg4xJvGGgptVu6,44204_hita-shi_2020.tar.gz
QmaM1KG2thyuJW1wGnqgTYPPwH28tTt7MrCsRKcPL5AAWQ,45203_nobeoka-shi_2022.tar.gz
QmZEK58EEiPrvg75P1gvyswhvvNxAWMqenU2RiHS4AgUtw,47201_naha-shi_2020.tar.gz
